{
	"events": {
		"GRB180817A": {
			"datetime": "2018-08-17T12:00:00",
			"distance": 40,
			"E_iso": 1e40,
			"peaks": {
				"n0": 372,
				"n1": 448,
				"n2": 442,
				"n3": 381,
				"n4": 398,
				"n5": 461,
				"n6": 322,
				"n7": 357,
				"n8": 364,
				"n9": 350,
				"na": 346,
				"nb": 363
			},
			"lightcurve": [[-6.9,2383.153518],[-6.7,2378.614335],[-6.5,2464.148332],[-6.3,2610.16139],[-6.1,2569.609362],[-5.9,2554.755397],[-5.7,2796.042764],[-5.5,2333.679679],[-5.3,2363.287759],[-5.1,2398.749385],[-4.9,2489.139581],[-4.7,2639.879495],[-4.5,2409.588158],[-4.3,2529.582977],[-4.1,2599.86832],[-3.9,2519.410123],[-3.7,2333.471629],[-3.5,2519.166414],[-3.3,2463.859076],[-3.1,2585.148841],[-2.9,2464.034473],[-2.7,2655.135787],[-2.5,2328.257283],[-2.3,2494.235593],[-2.1,2574.516689],[-1.9,2484.262895],[-1.7,2142.213182],[-1.5,2534.466078],[-1.3,2348.625262],[-1.1,2599.505105],[-0.9,2202.709965],[-0.7,2449.341921],[-0.5,2564.833475],[-0.3,3580.947619],[-0.1,4215.227296],[0.1,4079.469514],[0.3,3742.029139],[0.5,3374.567804],[0.7,3621.295485],[0.9,3485.149987],[1.1,3555.337004],[1.3,3374.381803],[1.5,3550.89075],[1.7,3782.262202],[1.9,3515.042865],[2.1,3324.39732],[2.3,2499.166536],[2.5,2544.378893],[2.7,2720.557032],[2.9,2665.644391],[3.1,2625.504958],[3.3,2554.325346],[3.5,2559.762962],[3.7,2479.091052],[3.9,2594.738654],[4.1,2373.224259],[4.3,2579.946905],[4.5,2463.84708],[4.7,2549.433347],[4.9,2564.342416],[5.1,2449.151233],[5.3,2554.846754],[5.5,2504.427153],[5.7,2725.868181],[5.9,2660.340175],[6.1,2675.408231],[6.3,2383.753566],[6.5,2469.083102],[6.7,2534.531197],[6.9,2699.82039],[7.1,2675.511685],[7.3,2675.867208],[7.5,2609.888735],[7.7,2423.986026],[7.9,2534.86732],[8.1,2609.644933],[8.3,2750.649368],[8.5,2685.336561],[8.7,2549.360382],[8.9,2745.867381],[9.1,2348.321435],[9.3,2554.251102],[9.5,2610.330145],[9.7,2534.804472],[9.9,2252.929981],[10.1,2353.947472],[10.3,2720.296191],[10.5,2736.320968],[10.7,2489.437],[10.9,2609.566542],[11.1,2635.229121],[11.3,2539.817687],[11.5,2786.217103],[11.7,2589.847733],[11.9,2453.654498],[12.1,2252.990806],[12.3,2504.569304],[12.5,2308.342331],[12.7,2675.459965],[12.9,2534.386606]],
			"detector": {
				"locations": {
					"n0": { "RA": { "value": 164.3, "uncertainty": 10 }, "Dec": { "value": 31.4, "uncertainty": 10 } },
					"n1": { "RA": { "value": 178.0, "uncertainty": 10 }, "Dec": { "value": 10.2, "uncertainty": 10 } },
					"n2": { "RA": { "value": 213.2, "uncertainty": 10 }, "Dec": { "value": -20.8, "uncertainty": 10 } },
					"n3": { "RA": { "value": 116.5, "uncertainty": 10 }, "Dec": { "value": 10.0, "uncertainty": 10 } },
					"n4": { "RA": { "value": 82.7, "uncertainty": 10 }, "Dec": { "value": -22.3, "uncertainty": 10 } },
					"n5": { "RA": { "value": 152.1, "uncertainty": 10 }, "Dec": { "value": -42.5, "uncertainty": 10 } },
					"n6": { "RA": { "value": 118.5, "uncertainty": 10 }, "Dec": { "value": 58.7, "uncertainty": 10 } },
					"n7": { "RA": { "value": 67.7, "uncertainty": 10 }, "Dec": { "value": 58.7, "uncertainty": 10 } },
					"n8": { "RA": { "value": 31.5, "uncertainty": 10 }, "Dec": { "value": 21.8, "uncertainty": 10 } },
					"n9": { "RA": { "value": 225.5, "uncertainty": 10 }, "Dec": { "value": 59.3, "uncertainty": 10 } },
					"na": { "RA": { "value": 263.7, "uncertainty": 10 }, "Dec": { "value": 22.1, "uncertainty": 10 } },
					"nb": { "RA": { "value": 332.6, "uncertainty": 10 }, "Dec": { "value": 42.4, "uncertainty": 10 } }
				}
			}
		}
	}
}